{"train/gpt_loss": 0.7703961133956909, "train/loss_mean": 0.5436832308769226, "train/lr": 4.737902145279804e-06, "train/global_step": 11, "_timestamp": 1729845825.5771992, "_runtime": 244.64998531341553, "_step": 10, "_wandb": {"runtime": 243}}