{"train/gpt_loss": 0.761076807975769, "train/loss_mean": 0.7394773960113525, "train/lr": 4.641527993953787e-06, "train/global_step": 110, "_timestamp": 1729915270.3122432, "_runtime": 34026.137686252594, "_step": 109}