{"train/gpt_loss": 0.7274441123008728, "train/loss_mean": 0.7655878067016602, "train/lr": 4.250329311616952e-06, "train/global_step": 153, "_timestamp": 1729926089.4414883, "_runtime": 44845.266931295395, "_step": 152}