{"train/gpt_loss": 0.7744355201721191, "train/loss_mean": 0.5583782196044922, "train/lr": 4.970359896105947e-06, "train/global_step": 5, "_timestamp": 1729862008.1323664, "_runtime": 164.39429450035095, "_step": 4}