{"train/gpt_loss": 0.9650042653083801, "train/loss_mean": 0.09650041908025742, "train/lr": 2.499999936844688e-06, "train/global_step": 1, "_timestamp": 1729825263.8819711, "_runtime": 37.971540212631226, "_step": 1, "train/steps": 2}