{"train/global_step":45,"_timestamp":1.7315723731159165e+09,"_runtime":5336.706304479,"_step":44,"train/gpt_loss":78.5390625,"_wandb":{"runtime":5356},"train/loss_mean":75.96426391601562,"train/lr":4.96999200549908e-06}