{"train/gpt_loss": 0.9469144344329834, "train/loss_mean": 0.1831699162721634, "train/lr": 2.499999936844688e-06, "train/global_step": 1, "_timestamp": 1729869947.9704545, "_runtime": 54.8593053817749, "_step": 0}