{"train/gpt_loss": 0.682015061378479, "train/loss_mean": 0.21193121373653412, "train/lr": 3.233683173675672e-06, "train/global_step": 27, "_timestamp": 1729797008.713108, "_runtime": 590.048553943634, "_step": 26}