{"train/gpt_loss": 0.8775632977485657, "train/loss_mean": 0.3057190477848053, "train/lr": 4.996700226911344e-06, "train/global_step": 4, "_timestamp": 1729872143.6861725, "_runtime": 102.7994155883789, "_step": 3}