{"train/gpt_loss": 0.9333070516586304, "train/loss_mean": 0.09333070367574692, "train/lr": 4.677928245655494e-06, "train/global_step": 13, "_timestamp": 1729872323.8177047, "_runtime": 282.93094778060913, "_step": 12}