{"train/gpt_loss": 0.793245255947113, "train/loss_mean": 0.24218077957630157, "train/lr": 4.999999873689376e-06, "train/global_step": 3, "_timestamp": 1729872124.2644775, "_runtime": 83.37772059440613, "_step": 2}