{"train/gpt_loss": 0.38753074407577515, "train/loss_mean": 0.1987234652042389, "train/lr": 4.999999873689376e-06, "train/global_step": 6, "_timestamp": 1729874600.08172, "_runtime": 195.3749132156372, "_step": 5}