{"train/gpt_loss": 0.9469144344329834, "train/loss_mean": 0.1831699162721634, "train/lr": 2.499999936844688e-06, "train/global_step": 1, "_timestamp": 1729869670.1109114, "_runtime": 53.50603747367859, "_step": 0}