{"train/gpt_loss": 0.815632700920105, "train/loss_mean": 0.5485315918922424, "train/lr": 4.2973238123522606e-06, "train/global_step": 36, "_timestamp": 1729879374.1445014, "_runtime": 1050.4892673492432, "_step": 35}