{"train/gpt_loss":9.9248046875,"train/loss_mean":9.53931999206543,"train/lr":4.96999200549908e-06,"_wandb":{"runtime":7640},"train/global_step":45,"_timestamp":1.7315307444746883e+09,"_runtime":7621.036621473,"_step":44}