{"_timestamp":1.7315616607952192e+09,"_runtime":7747.238797827,"_step":44,"train/gpt_loss":0.495880126953125,"_wandb":{"runtime":7768},"train/loss_mean":0.5817169547080994,"train/lr":4.96999200549908e-06,"train/global_step":45}