{"train/gpt_loss": 0.7077934741973877, "train/loss_mean": 0.3658715784549713, "train/lr": 5.131896045895701e-07, "train/global_step": 30, "_timestamp": 1729880142.9177308, "_runtime": 658.1465249061584, "_step": 29}