{"train/gpt_loss": 0.3181058466434479, "train/loss_mean": 0.2760080099105835, "train/lr": 2.2663164145342307e-06, "train/global_step": 35, "_timestamp": 1729868502.4669735, "_runtime": 1025.2591714859009, "_step": 34}