{"_step":221,"train/gpt_loss":0.18923568725585938,"train/loss_mean":0.15556606650352478,"_wandb":{"runtime":37330},"train/lr":4.999999987376214e-07,"train/global_step":222,"_timestamp":1.7313025030810266e+09,"_runtime":37330.938911234}