{"train/gpt_loss": 0.9650042653083801, "train/loss_mean": 0.09650041908025742, "train/lr": 2.499999936844688e-06, "train/global_step": 1, "_timestamp": 1729797130.5998747, "_runtime": 37.8776798248291, "_step": 1, "train/steps": 2}