{"train/gpt_loss": 0.9800819754600525, "train/loss_mean": 0.21490544080734253, "train/lr": 4.917987553199055e-06, "train/global_step": 15, "_timestamp": 1729876072.679059, "_runtime": 444.16650199890137, "_step": 14}