{"train/gpt_loss": 0.7171477675437927, "train/loss_mean": 0.41671839356422424, "train/lr": 4.996700226911344e-06, "train/global_step": 3, "_timestamp": 1729862368.1083004, "_runtime": 110.36103248596191, "_step": 2}