{"train/gpt_loss": 0.7367968559265137, "train/loss_mean": 0.5699974894523621, "train/lr": 4.464864559849957e-06, "train/global_step": 31, "_timestamp": 1729873611.3658593, "_runtime": 918.4593982696533, "_step": 30}