{"train/gpt_loss": 0.7179956436157227, "train/loss_mean": 0.37557560205459595, "train/lr": 4.2973238123522606e-06, "train/global_step": 18, "_timestamp": 1729874301.8341515, "_runtime": 388.8853075504303, "_step": 17}