{"train/gpt_loss": 0.9469144344329834, "train/loss_mean": 0.1831699162721634, "train/lr": 2.499999936844688e-06, "train/global_step": 1, "_timestamp": 1729869802.304287, "_runtime": 54.63847494125366, "_step": 0}