{"train/gpt_loss": 0.8265665769577026, "train/loss_mean": 0.5788203477859497, "train/lr": 4.677928245655494e-06, "train/global_step": 25, "_timestamp": 1729875526.5165522, "_runtime": 743.7403452396393, "_step": 24}